{"cameraMode":{"drawMode":0,"name":"Shaded","section":"Shading Mode"},"sceneLighting":false,"audioPlay":false,"sceneViewState":{"m_AlwaysRefresh":false,"showFog":false,"showSkybox":false,"showFlares":false,"showImageEffects":false,"showParticleSystems":false,"showVisualEffectGraphs":true,"m_FxEnabled":true},"in2DMode":false,"pivot":{"x":-2.4090614318847658,"y":4.849834442138672,"z":4.726933479309082},"rotation":{"x":-0.004496718291193247,"y":0.03508656471967697,"z":-0.00016324473835993558,"w":-0.9993956089019775},"size":14.02650260925293,"orthographic":true}